Submission id,Participant id,Status,Custom study tncs accepted at,Started at,Completed at,Reviewed at,Archived at,Time taken,Completion code,Total approvals,Fluent languages,Primary language,English speaking monolingual,Were you raised monolingual?,Bilingual,Language related disorders,Place of most time spent before turning 18,Earliest language in life,Hearing difficulties,International students,Age,Sex,Ethnicity simplified,Country of birth,Country of residence,Nationality,Language,Student status,Employment status
68394f663a86d8f441f13b49,62cd43d66c2dd7ae9ab53ae7,RETURNED,Not Applicable,2025-05-30T06:35:42.636000Z,,,2025-05-30T06:55:27.239136Z,,,6038,CONSENT_REVOKED,CONSENT_REVOKED,CONSENT_REVOKED,CONSENT_REVOKED,CONSENT_REVOKED,CONSENT_REVOKED,CONSENT_REVOKED,CONSENT_REVOKED,CONSENT_REVOKED,CONSENT_REVOKED,CONSENT_REVOKED,CONSENT_REVOKED,CONSENT_REVOKED,CONSENT_REVOKED,CONSENT_REVOKED,CONSENT_REVOKED,CONSENT_REVOKED,CONSENT_REVOKED,CONSENT_REVOKED
68394f6864170178fd69d5a9,5dec8925be656d35d4005320,RETURNED,Not Applicable,2025-05-30T06:25:44.651000Z,,,2025-05-30T06:55:27.239745Z,,,6374,CONSENT_REVOKED,CONSENT_REVOKED,CONSENT_REVOKED,CONSENT_REVOKED,CONSENT_REVOKED,CONSENT_REVOKED,CONSENT_REVOKED,CONSENT_REVOKED,CONSENT_REVOKED,CONSENT_REVOKED,CONSENT_REVOKED,CONSENT_REVOKED,CONSENT_REVOKED,CONSENT_REVOKED,CONSENT_REVOKED,CONSENT_REVOKED,CONSENT_REVOKED,CONSENT_REVOKED,CONSENT_REVOKED
68394f6e4eb78fb04bc351f3,5f5e32a0d6a12c6857b8e127,APPROVED,Not Applicable,2025-05-30T06:25:53.984000Z,2025-05-30T06:36:25.929000Z,2025-05-31T06:21:23.674000Z,2025-05-30T06:36:26.405378Z,632.0,C17CXQRX,9557,English,English,I only know English,I was raised with my native language only,none just my native langauge,none,United States,English,No,No,29,Male,White,United States,United States,United States,English,Yes,Full-Time
68394f711b18b9c5f3d8209f,67221c4369ba09d32e88904c,APPROVED,Not Applicable,2025-05-30T06:25:53.043000Z,2025-05-30T06:44:13.472000Z,2025-05-31T06:21:10.063000Z,2025-05-30T06:44:13.930136Z,1101.0,C17CXQRX,758,English,English,I only know English,I was raised with my native language only,none just my native langauge,none,United States,English,No,No,59,Female,White,United States,United States,United States,English,No,DATA_EXPIRED
68394f7165da7dac7f27a4a4,67f052147bb0231d3bddc9df,APPROVED,Not Applicable,2025-05-30T06:26:39.796000Z,2025-05-30T06:37:39.250000Z,2025-05-31T06:21:23.903000Z,2025-05-30T06:37:39.753053Z,660.0,C17CXQRX,687,English,English,I only know English,I was raised with my native language only,none just my native langauge,none,United States,English,No,No,59,Male,White,United States,United States,United States,English,No,Part-Time
68394f74abdd5c737913ecde,66601952a37b486024e7ef49,APPROVED,Not Applicable,2025-05-30T06:26:02.209000Z,2025-05-30T06:36:07.662000Z,2025-05-31T06:21:24.133000Z,2025-05-30T06:36:08.165036Z,606.0,C17CXQRX,491,English,English,I only know English,I was raised with my native language only,none just my native langauge,none,United States,English,No,No,31,Female,White,United States,United States,United States,English,Yes,Full-Time
68394f763845fbef64118474,67d5eb0b8ec16cc847b4593a,APPROVED,Not Applicable,2025-05-30T06:26:26.325000Z,2025-05-30T06:40:10.925000Z,2025-05-31T06:21:24.337000Z,2025-05-30T06:40:11.440138Z,825.0,C17CXQRX,863,English,English,I only know English,I was raised with my native language only,none just my native langauge,none,United States,English,No,No,34,Female,White,United States,United States,United States,English,No,Full-Time
68394f773899ce1b8b4d4bfc,683666e57971ab1ebb826601,APPROVED,Not Applicable,2025-05-30T06:27:44.282000Z,2025-05-30T06:44:05.281000Z,2025-05-31T06:21:24.556000Z,2025-05-30T06:44:05.907736Z,981.0,C17CXQRX,1,English,English,I only know English,I was raised with my native language only,none just my native langauge,none,United States,English,No,No,37,Female,White,United States,United States,United States,English,No,Full-Time
68394f783845fbef64118476,68378ae158654a68e5b29f74,APPROVED,Not Applicable,2025-05-30T06:26:47.902000Z,2025-05-30T06:41:18.330000Z,2025-05-31T06:21:24.765000Z,2025-05-30T06:41:18.821176Z,871.0,C17CXQRX,16,English,English,I only know English,I was raised with my native language only,none just my native langauge,none,United States,English,No,No,41,Female,Black,United States,United States,United States,English,No,Unemployed (and job seeking)
68394f7a702c76a08ccf9520,682c856fbf6ad86ec8cacabf,APPROVED,Not Applicable,2025-05-30T06:26:48.012000Z,2025-05-30T06:40:44.253000Z,2025-05-31T06:21:24.988000Z,2025-05-30T06:40:44.746964Z,837.0,C17CXQRX,146,English,English,I only know English,I was raised with my native language only,none just my native langauge,none,United States,English,No,No,27,Female,Black,United States,United States,United States,English,Yes,Full-Time
68394f7c20b8d9213b0fd3a2,67c585f8e60aec06bb2e7863,APPROVED,Not Applicable,2025-05-30T06:26:55.586000Z,2025-05-30T06:42:36.482000Z,2025-05-31T06:21:25.205000Z,2025-05-30T06:42:36.974399Z,941.0,C17CXQRX,140,English,English,I only know English,I was raised with my native language only,none just my native langauge,none,United States,English,No,No,54,Female,White,United States,United States,United States,English,Yes,Full-Time
68394f7c7a54bea762dc8123,6835db167392a6ba8957bcfb,RETURNED,Not Applicable,2025-05-30T06:26:56.266000Z,,,2025-05-30T06:55:27.242981Z,,,21,CONSENT_REVOKED,CONSENT_REVOKED,CONSENT_REVOKED,CONSENT_REVOKED,CONSENT_REVOKED,CONSENT_REVOKED,CONSENT_REVOKED,CONSENT_REVOKED,CONSENT_REVOKED,CONSENT_REVOKED,CONSENT_REVOKED,CONSENT_REVOKED,CONSENT_REVOKED,CONSENT_REVOKED,CONSENT_REVOKED,CONSENT_REVOKED,CONSENT_REVOKED,CONSENT_REVOKED,CONSENT_REVOKED
68394f7e714add678bde161e,675fdfa82498861bae3df7b6,RETURNED,Not Applicable,2025-05-30T06:36:06.715000Z,,,2025-05-30T06:55:27.242198Z,,,421,CONSENT_REVOKED,CONSENT_REVOKED,CONSENT_REVOKED,CONSENT_REVOKED,CONSENT_REVOKED,CONSENT_REVOKED,CONSENT_REVOKED,CONSENT_REVOKED,CONSENT_REVOKED,CONSENT_REVOKED,CONSENT_REVOKED,CONSENT_REVOKED,CONSENT_REVOKED,CONSENT_REVOKED,CONSENT_REVOKED,CONSENT_REVOKED,CONSENT_REVOKED,CONSENT_REVOKED,CONSENT_REVOKED
68394f7f1bfc7ca7352c8e34,67e436873d103045f4098a1a,APPROVED,Not Applicable,2025-05-30T06:27:07.740000Z,2025-05-30T06:47:33.266000Z,2025-05-31T06:21:25.430000Z,2025-05-30T06:47:33.805939Z,1226.0,C17CXQRX,1225,English,English,I only know English,I was raised with my native language only,none just my native langauge,none,United States,English,No,No,49,Female,White,United States,United States,United States,English,Yes,Part-Time
68394f7f68bade3fd3b50873,668ec6d806bc125c6a6e71a5,APPROVED,Not Applicable,2025-05-30T06:28:43.628000Z,2025-05-30T06:55:27.984000Z,2025-05-31T06:21:25.648000Z,2025-05-30T06:55:28.474807Z,1605.0,C17CXQRX,876,English,English,I only know English,I was raised with my native language only,none just my native langauge,none,United States,English,No,No,56,Female,White,United States,United States,United States,English,No,Part-Time
68394f8022e7bfe3f12f0e63,662acd8fd604c93c4700fca6,APPROVED,Not Applicable,2025-05-30T06:26:08.062000Z,2025-05-30T06:40:15.584000Z,2025-05-31T06:21:25.856000Z,2025-05-30T06:40:16.084040Z,848.0,C17CXQRX,127,English,English,I only know English,I was raised with my native language only,none just my native langauge,none,United States,English,No,No,40,Male,Black,United States,United States,United States,English,No,Part-Time
68394f8111681198561b0c3d,63c5c3192e709e19fc67d5dd,APPROVED,Not Applicable,2025-05-30T06:26:15.003000Z,2025-05-30T06:39:54.984000Z,2025-05-31T06:21:26.067000Z,2025-05-30T06:39:55.493044Z,820.0,C17CXQRX,7863,English,English,I only know English,I was raised with my native language only,none just my native langauge,none,United States,English,No,No,61,Male,Other,United States,United States,United States,English,No,Full-Time
68394f81de3ebc2eda3ca640,68300e2488708324b7c74528,RETURNED,Not Applicable,2025-05-30T06:37:00.013000Z,,,2025-05-30T06:55:27.246011Z,,,122,CONSENT_REVOKED,CONSENT_REVOKED,CONSENT_REVOKED,CONSENT_REVOKED,CONSENT_REVOKED,CONSENT_REVOKED,CONSENT_REVOKED,CONSENT_REVOKED,CONSENT_REVOKED,CONSENT_REVOKED,CONSENT_REVOKED,CONSENT_REVOKED,CONSENT_REVOKED,CONSENT_REVOKED,CONSENT_REVOKED,CONSENT_REVOKED,CONSENT_REVOKED,CONSENT_REVOKED,CONSENT_REVOKED
68394f83ae127e0e52a28c5a,67d75efd39a97429e142a691,APPROVED,Not Applicable,2025-05-30T06:26:38.482000Z,2025-05-30T06:44:05.952000Z,2025-05-31T06:21:26.276000Z,2025-05-30T06:44:06.460953Z,1048.0,C17CXQRX,1263,English,English,I only know English,I was raised with my native language only,none just my native langauge,none,United States,English,No,No,53,Female,White,United States,United States,United States,English,No,Full-Time
68394f864be22e4043e1c61f,67cf6b116144730ec8906b48,APPROVED,Not Applicable,2025-05-30T06:26:27.215000Z,2025-05-30T06:41:16.899000Z,2025-05-31T06:21:26.482000Z,2025-05-30T06:41:17.320083Z,890.0,C17CXQRX,367,English,English,I only know English,I was raised with my native language only,none just my native langauge,none,United States,English,No,No,29,Male,Black,United States,United States,United States,English,No,Part-Time
68394f899037e3c60382cf8f,678e5caae9c26b68d7db8a40,APPROVED,Not Applicable,2025-05-30T06:26:36.418000Z,2025-05-30T06:41:40.629000Z,2025-05-31T06:21:26.700000Z,2025-05-30T06:41:41.111135Z,905.0,C17CXQRX,801,English,English,I only know English,I was raised with my native language only,none just my native langauge,none,United States,English,No,No,24,Male,White,United States,United States,United States,English,No,Part-Time
68394f89cc06eba7eff5381a,681c3bbf6ab73d2e945ac29a,APPROVED,Not Applicable,2025-05-30T06:26:23.928000Z,2025-05-30T06:40:01.773000Z,2025-05-31T06:21:26.918000Z,2025-05-30T06:40:02.320508Z,818.0,C17CXQRX,409,English,English,I only know English,I was raised with my native language only,none just my native langauge,none,United States,English,No,No,42,Male,Black,United States,United States,United States,English,No,Part-Time
68394f8c1df3313a0cdb9c31,66a09fe785573924735fc76f,APPROVED,Not Applicable,2025-05-30T06:26:20.677000Z,2025-05-30T06:41:02.130000Z,2025-05-31T06:21:27.141000Z,2025-05-30T06:41:02.570629Z,882.0,C17CXQRX,299,English,English,I only know English,I was raised with my native language only,none just my native langauge,none,United States,English,No,No,45,Male,Black,United States,United States,United States,English,Yes,Full-Time
68394f8d0158822f68d7e522,67d9e8a1074327b372eb538d,APPROVED,Not Applicable,2025-05-30T06:26:43.742000Z,2025-05-30T06:42:47.959000Z,2025-05-31T06:21:27.367000Z,2025-05-30T06:42:48.474435Z,965.0,C17CXQRX,954,English,English,I only know English,I was raised with my native language only,none just my native langauge,none,United States,English,No,No,36,Male,White,United States,United States,United States,English,No,Part-Time
68394f8da62501c59b9d3ad9,6629e64cbe49b93f4b56cd06,APPROVED,Not Applicable,2025-05-30T06:26:25.786000Z,2025-05-30T06:40:57.106000Z,2025-05-31T06:21:27.607000Z,2025-05-30T06:40:57.578165Z,872.0,C17CXQRX,2074,English,English,I only know English,I was raised with my native language only,none just my native langauge,none,United States,English,No,No,54,Male,White,United States,United States,United States,English,No,Other
68394f8ec65d67a65d71cd4b,66d8e14e71c04a7d23ff43c9,APPROVED,Not Applicable,2025-05-30T06:27:11.034000Z,2025-05-30T06:43:41.982000Z,2025-05-31T06:21:27.854000Z,2025-05-30T06:43:42.459717Z,991.0,C17CXQRX,433,English,English,I only know English,I was raised with my native language only,none just my native langauge,none,United States,"English, Spanish",No,No,48,Female,White,United States,United States,United States,English,No,Other
68394f918caa86dcdeacdb7b,67dce6281631861c171e35c3,APPROVED,Not Applicable,2025-05-30T06:27:03.531000Z,2025-05-30T06:38:43.467000Z,2025-05-31T06:21:28.077000Z,2025-05-30T06:38:43.969604Z,700.0,C17CXQRX,407,English,English,I only know English,I was raised with my native language only,none just my native langauge,none,United States,English,No,No,29,Male,White,United States,United States,United States,English,Yes,Full-Time
68394f9500d7464bc93e37d1,67e83670d63e661cd96e6290,APPROVED,Not Applicable,2025-05-30T06:26:29.242000Z,2025-05-30T06:47:10.864000Z,2025-05-31T06:21:28.286000Z,2025-05-30T06:47:11.356743Z,1242.0,C17CXQRX,663,English,English,I only know English,I was raised with my native language only,none just my native langauge,none,United States,English,No,No,44,Female,White,United States,United States,United States,English,No,Full-Time
68394f9507a885be1bf5216a,5e437d7404eaba215eafbd2a,APPROVED,Not Applicable,2025-05-30T06:26:33.953000Z,2025-05-30T06:37:20.247000Z,2025-05-31T06:21:28.505000Z,2025-05-30T06:37:20.709827Z,647.0,C17CXQRX,7593,English,English,I only know English,I was raised with my native language only,none just my native langauge,none,United States,English,No,No,42,Female,White,United States,United States,United States,English,No,DATA_EXPIRED
68394f95dc4b68f2bffa4594,677d8ca02a50ccdc47145568,APPROVED,Not Applicable,2025-05-30T06:26:34.872000Z,2025-05-30T06:37:42.847000Z,2025-05-31T06:21:28.727000Z,2025-05-30T06:37:43.290763Z,668.0,C17CXQRX,529,English,English,I only know English,I was raised with my native language only,none just my native langauge,none,United States,English,No,No,67,Male,White,United States,United States,United States,English,No,"Not in paid work (e.g. homemaker', 'retired or disabled)"
68394f96fe965581c3287dc8,677b2d6d388798dbdf3d3765,APPROVED,Not Applicable,2025-05-30T06:27:20.412000Z,2025-05-30T06:47:40.485000Z,2025-05-31T06:21:28.967000Z,2025-05-30T06:47:40.990140Z,1221.0,C17CXQRX,176,English,English,I only know English,I was raised with my native language only,none just my native langauge,none,United States,English,No,No,20,Male,White,United States,United States,United States,English,No,Part-Time
68394f97d9164f76fc0ff763,67e28d5b36505c655badd4b0,APPROVED,Not Applicable,2025-05-30T06:26:31.862000Z,2025-05-30T06:40:18.993000Z,2025-05-31T06:21:29.184000Z,2025-05-30T06:40:19.492908Z,828.0,C17CXQRX,643,English,English,I only know English,I was raised with my native language only,none just my native langauge,none,United States,English,No,No,25,Male,White,United States,United States,United States,English,No,Part-Time
68394f9b2af5867f21c6297d,6835d3ba52f4e3a47b4e0c40,APPROVED,Not Applicable,2025-05-30T06:26:35.022000Z,2025-05-30T06:44:03.325000Z,2025-05-31T06:21:29.400000Z,2025-05-30T06:44:03.940367Z,1049.0,C17CXQRX,34,English,English,I only know English,I was raised with my native language only,none just my native langauge,none,United States,English,No,No,37,Female,Black,United States,United States,United States,English,No,Full-Time
68394fa411d1517628f94e13,67d8337ef002686f1e7871f1,APPROVED,Not Applicable,2025-05-30T06:26:44.359000Z,2025-05-30T06:42:05.402000Z,2025-05-31T06:21:29.610000Z,2025-05-30T06:42:05.904398Z,922.0,C17CXQRX,90,English,English,I only know English,I was raised with my native language only,none just my native langauge,none,United States,English,No,No,37,Female,Black,United States,United States,United States,English,No,Full-Time
68394fa47aef0f3ff585b30e,682a2ffa0899528d1d1327d8,APPROVED,Not Applicable,2025-05-30T06:27:26.803000Z,2025-05-30T06:48:30.520000Z,2025-05-31T06:21:29.830000Z,2025-05-30T06:48:31.032336Z,1264.0,C17CXQRX,326,English,English,I only know English,I was raised with my native language only,none just my native langauge,none,United States,English,No,No,21,Female,Black,United States,United States,United States,English,Yes,Part-Time
68394fa5071e189ac846c43f,67a480582024ed85439b572a,APPROVED,Not Applicable,2025-05-30T06:27:06.205000Z,2025-05-30T06:41:32.159000Z,2025-05-31T06:21:30.067000Z,2025-05-30T06:41:32.604647Z,866.0,C17CXQRX,544,English,English,I only know English,I was raised with my native language only,none just my native langauge,none,United States,English,No,No,37,Male,White,United States,United States,United States,English,No,Full-Time
68394fa59960b5abc6a429bc,6769585e25b05c3ef79f9404,APPROVED,Not Applicable,2025-05-30T06:26:51.578000Z,2025-05-30T06:41:19.401000Z,2025-05-31T06:21:30.317000Z,2025-05-30T06:41:19.922025Z,868.0,C17CXQRX,677,English,English,I only know English,I was raised with my native language only,none just my native langauge,none,United States,English,No,No,28,Male,Black,United States,United States,United States,English,No,Full-Time
68394fa63c1232de9f248f01,67cef6ed72f931c12ea5a8bd,APPROVED,Not Applicable,2025-05-30T06:26:46.971000Z,2025-05-30T06:42:39.058000Z,2025-05-31T06:21:30.547000Z,2025-05-30T06:42:39.550687Z,953.0,C17CXQRX,82,English,English,I only know English,I was raised with my native language only,none just my native langauge,none,United States,English,No,No,32,Female,White,United States,United States,United States,English,No,Full-Time
68394fa990556128c9572b33,674237456d8298ec577d6ab5,APPROVED,Not Applicable,2025-05-30T06:32:11.781000Z,2025-05-30T07:16:11.175000Z,2025-05-31T06:21:30.769000Z,2025-05-30T07:16:11.687053Z,2640.0,C17CXQRX,981,English,English,I only know English,I was raised with my native language only,none just my native langauge,none,United States,English,No,No,46,Female,Black,United States,United States,United States,English,Yes,Full-Time
68394fa9c9251e61ee210a72,68349268c85bfa63bb28177a,APPROVED,Not Applicable,2025-05-30T06:28:11.130000Z,2025-05-30T06:57:36.566000Z,2025-05-31T06:21:31.043000Z,2025-05-30T06:57:37.087768Z,1766.0,C17CXQRX,33,English,English,I only know English,I was raised with my native language only,none just my native langauge,none,United States,English,No,No,26,Female,Black,United States,United States,United States,English,No,Full-Time
68394fa9f9766a015a268aaf,67cfeddb9f4b04d789ca82bd,APPROVED,Not Applicable,2025-05-30T06:26:49.953000Z,2025-05-30T06:43:01.004000Z,2025-05-31T06:21:31.261000Z,2025-05-30T06:43:01.488266Z,972.0,C17CXQRX,92,English,English,I only know English,I was raised with my native language only,none just my native langauge,none,United States,English,No,No,28,Male,White,United States,United States,United States,English,No,Full-Time
68394fac535e62828358ba47,67d1f22e4a4e2154f7069121,APPROVED,Not Applicable,2025-05-30T06:26:52.127000Z,2025-05-30T06:43:38.251000Z,2025-05-31T06:21:31.518000Z,2025-05-30T06:43:38.786940Z,1007.0,C17CXQRX,79,English,English,I only know English,I was raised with my native language only,none just my native langauge,none,United States,English,No,No,38,Male,White,United States,United States,United States,English,No,Full-Time
68394fadbcf7c9f4ba41e64f,65624dbc33b93e2696f06d1f,APPROVED,Not Applicable,2025-05-30T06:26:53.086000Z,2025-05-30T06:41:56.337000Z,2025-05-31T06:21:31.744000Z,2025-05-30T06:41:56.891883Z,904.0,C17CXQRX,1783,English,English,I only know English,I was raised with my native language only,none just my native langauge,none,United States,English,No,No,27,Female,Black,United States,United States,United States,English,Yes,Full-Time
68394faf2c2807e77f66f90c,67d00cbed3ecfc117418c6b4,APPROVED,Not Applicable,2025-05-30T06:26:55.527000Z,2025-05-30T06:44:13.095000Z,2025-05-31T06:21:31.960000Z,2025-05-30T06:44:13.635257Z,1038.0,C17CXQRX,89,English,English,I only know English,I was raised with my native language only,none just my native langauge,none,United States,English,No,No,45,Male,Black,United States,United States,United States,English,No,Full-Time
68394fbcbb9d07e2bff47806,6832c5fd095355b580d4a942,APPROVED,Not Applicable,2025-05-30T06:27:08.721000Z,2025-05-30T06:50:22.128000Z,2025-05-31T06:21:32.210000Z,2025-05-30T06:50:22.605970Z,1394.0,C17CXQRX,49,English,English,I only know English,I was raised with my native language only,none just my native langauge,none,United States,English,No,No,32,Female,White,United States,United States,United States,English,No,Unemployed (and job seeking)
68394fc04c72d8a9235e794f,682fcecc19d8f7ff3f0b4439,APPROVED,Not Applicable,2025-05-30T06:36:45.336000Z,2025-05-30T07:14:41.335000Z,2025-05-31T06:21:32.427000Z,2025-05-30T07:14:41.860349Z,2276.0,C17CXQRX,38,English,English,I only know English,I was raised with my native language only,none just my native langauge,none,United States,English,No,No,72,Female,Black,United States,United States,United States,English,No,Part-Time
68394fc5e9b44e42f6cf9bb8,55b9a9b0fdf99b6906d2aba4,APPROVED,Not Applicable,2025-05-30T06:27:24.485000Z,2025-05-30T06:38:19.266000Z,2025-05-31T06:21:32.646000Z,2025-05-30T06:38:19.766114Z,655.0,C17CXQRX,10592,English,English,I only know English,I was raised with my native language only,none just my native langauge,none,United States,English,No,No,69,Male,White,United States,United States,United States,English,No,"Not in paid work (e.g. homemaker', 'retired or disabled)"
68394fc98da83cc7e31fc5ff,67042cdf06ed4052bdf44c07,APPROVED,Not Applicable,2025-05-30T06:27:35.934000Z,2025-05-30T06:41:51.237000Z,2025-05-31T06:21:32.864000Z,2025-05-30T06:41:51.755038Z,856.0,C17CXQRX,635,English,English,I only know English,I was raised with my native language only,none just my native langauge,none,United States,English,No,No,27,Female,Mixed,United States,United States,United States,English,No,"Not in paid work (e.g. homemaker', 'retired or disabled)"
68394fcb004e67d936ab8fbe,6737e1bf889b60aa5f9ec0be,APPROVED,Not Applicable,2025-05-30T06:30:20.013000Z,2025-05-30T06:47:05.593000Z,2025-05-31T06:21:33.122000Z,2025-05-30T06:47:06.031846Z,1006.0,C17CXQRX,384,English,English,I only know English,I was raised with my native language only,none just my native langauge,none,United States,English,No,No,44,Female,Black,United States,United States,United States,English,No,Part-Time
68394fcbe7731a83eecb1679,657327316173c2bd86323378,APPROVED,Not Applicable,2025-05-30T06:27:23.622000Z,2025-05-30T06:38:41.819000Z,2025-05-31T06:21:33.331000Z,2025-05-30T06:38:42.326785Z,679.0,C17CXQRX,2634,English,English,I only know English,I was raised with my native language only,none just my native langauge,none,United States,English,No,No,37,Male,Other,United States,United States,United States,English,No,"Not in paid work (e.g. homemaker', 'retired or disabled)"
68394fcc1a05e83ed452f0d8,6832366b4142b6b255dbc4e6,APPROVED,Not Applicable,2025-05-30T06:27:24.194000Z,2025-05-30T06:56:08.596000Z,2025-05-31T06:21:33.555000Z,2025-05-30T06:56:09.097167Z,1725.0,C17CXQRX,63,English,English,I only know English,I was raised with my native language only,none just my native langauge,none,United States,English,No,No,26,Female,Black,United States,United States,United States,English,No,Full-Time
68394ff1b1344b389fe039ab,666f76b68b89442817be678a,APPROVED,Not Applicable,2025-05-30T06:28:06.742000Z,2025-05-30T06:41:15.306000Z,2025-05-31T06:21:34.243000Z,2025-05-30T06:41:15.808508Z,789.0,C17CXQRX,1507,English,English,I only know English,I was raised with my native language only,none just my native langauge,none,United States,English,No,No,49,Male,White,United States,United States,United States,English,No,"Not in paid work (e.g. homemaker', 'retired or disabled)"
68394ffbbd39e1ff21ffcefa,682fa6f29be03e5b730e64ac,APPROVED,Not Applicable,2025-05-30T06:28:26.554000Z,2025-05-30T06:43:22.905000Z,2025-05-31T06:21:34.462000Z,2025-05-30T06:43:23.424852Z,897.0,C17CXQRX,52,English,English,I only know English,I was raised with my native language only,none just my native langauge,none,United States,English,No,No,31,Male,White,United States,United States,United States,English,No,Part-Time
6839500682cfb4b07b191329,62ab399e15b98baaf3099d60,RETURNED,Not Applicable,2025-05-30T06:39:00.008000Z,,,2025-05-30T06:55:27.253534Z,,,589,CONSENT_REVOKED,CONSENT_REVOKED,CONSENT_REVOKED,CONSENT_REVOKED,CONSENT_REVOKED,CONSENT_REVOKED,CONSENT_REVOKED,CONSENT_REVOKED,CONSENT_REVOKED,CONSENT_REVOKED,CONSENT_REVOKED,CONSENT_REVOKED,CONSENT_REVOKED,CONSENT_REVOKED,CONSENT_REVOKED,CONSENT_REVOKED,CONSENT_REVOKED,CONSENT_REVOKED,CONSENT_REVOKED
683950073159bf93b82e43a7,6828aa8e04f4189935704d20,APPROVED,Not Applicable,2025-05-30T06:28:52.321000Z,2025-05-30T06:58:06.310000Z,2025-05-31T06:21:34.704000Z,2025-05-30T06:58:06.885892Z,1754.0,C17CXQRX,177,English,English,I only know English,I was raised with my native language only,none just my native langauge,none,United States,English,No,No,32,Female,Black,United States,United States,United States,English,No,Full-Time
68395007d1a854d33c6aaf00,5be4c8d0d4079000014c0998,APPROVED,Not Applicable,2025-05-30T06:28:27.159000Z,2025-05-30T07:15:01.746000Z,2025-05-31T06:21:34.895000Z,2025-05-30T07:15:02.218710Z,2795.0,C17CXQRX,1660,English,English,I only know English,I was raised with my native language only,none just my native langauge,none,United States,English,No,No,32,Female,White,United States,United States,United States,English,No,Unemployed (and job seeking)
6839500b88cfa6d873740119,67d7d86c1dfb7a9e45d111fd,APPROVED,Not Applicable,2025-05-30T06:28:27.544000Z,2025-05-30T06:46:04.235000Z,2025-05-31T06:21:35.099000Z,2025-05-30T06:46:04.685016Z,1057.0,C17CXQRX,97,English,English,I only know English,I was raised with my native language only,none just my native langauge,none,United States,English,No,No,27,Female,Black,United States,United States,United States,English,No,Full-Time
6839500ccdc684e00a7376eb,682cb107864d1a295ce49084,APPROVED,Not Applicable,2025-05-30T06:29:19.045000Z,2025-05-30T06:41:03.923000Z,2025-05-31T06:21:35.351000Z,2025-05-30T06:41:04.398115Z,705.0,C17CXQRX,138,English,English,I only know English,I was raised with my native language only,none just my native langauge,none,United States,English,No,No,41,Male,White,United States,United States,United States,English,No,Part-Time
6839500dc459b88e86b9af60,682d7d0dcf22019f4e337e2c,APPROVED,Not Applicable,2025-05-30T06:28:35.638000Z,2025-05-30T06:41:17.399000Z,2025-05-31T06:21:35.601000Z,2025-05-30T06:41:17.856552Z,762.0,C17CXQRX,71,English,English,I only know English,I was raised with my native language only,none just my native langauge,none,United States,English,No,No,43,Male,White,United States,United States,United States,English,DATA_EXPIRED,Part-Time
68395010535e62828358ba62,67ed7edbe57ce7b9014a8400,APPROVED,Not Applicable,2025-05-30T06:29:52.929000Z,2025-05-30T06:42:01.648000Z,2025-05-31T06:21:35.819000Z,2025-05-30T06:42:02.133406Z,729.0,C17CXQRX,923,English,English,I only know English,I was raised with my native language only,none just my native langauge,none,United States,English,No,No,57,Female,White,United States,United States,United States,English,No,Full-Time
6839501148a361a89a73793b,67a5853eb7c1388e96f84401,APPROVED,Not Applicable,2025-05-30T06:28:41.077000Z,2025-05-30T06:42:22.946000Z,2025-05-31T06:21:36.031000Z,2025-05-30T06:42:23.445631Z,822.0,C17CXQRX,423,English,English,I only know English,I was raised with my native language only,none just my native langauge,none,United States,English,No,No,49,Male,White,United States,United States,United States,English,No,Full-Time
68395011b68e3a4662d59f17,6719f154126a51146461288b,TIMED-OUT,Not Applicable,2025-05-30T06:28:51.155000Z,,,2025-05-30T06:55:27.260254Z,1597.0,,265,English,English,I only know English,I was raised with my native language only,none just my native langauge,none,United States,English,No,No,43,Female,Black,United States,United States,United States,English,No,Unemployed (and job seeking)
683950165a76db34a150d5d7,67894cf302d2c30bde3af46b,APPROVED,Not Applicable,2025-05-30T06:28:54.559000Z,2025-05-30T06:41:31.897000Z,2025-05-31T06:21:36.257000Z,2025-05-30T06:41:32.405751Z,758.0,C17CXQRX,413,English,English,I only know English,I was raised with my native language only,none just my native langauge,none,United States,English,No,No,34,Male,White,United States,United States,United States,English,No,Full-Time
68395024bdc367fd4a543656,66da1c527c804056b970b229,APPROVED,Not Applicable,2025-05-30T06:28:52.875000Z,2025-05-30T06:42:56.290000Z,2025-05-31T06:21:36.491000Z,2025-05-30T06:42:56.818180Z,844.0,NOCODE,2006,English,English,I only know English,I was raised with my native language only,none just my native langauge,none,United States,English,No,No,41,Female,White,United States,United States,United States,English,No,Part-Time
68395028e45d994929941d56,68272b3467bd56125707bf1e,APPROVED,Not Applicable,2025-05-30T06:29:06.867000Z,2025-05-30T07:18:29.816000Z,2025-05-31T06:21:36.703000Z,2025-05-30T07:18:30.360153Z,2963.0,C17CXQRX,315,English,English,I only know English,I was raised with my native language only,none just my native langauge,none,United States,English,No,No,35,Female,Black,United States,United States,United States,English,No,Full-Time
6839502beeec2f302d905d23,678af0a3161e3e871bbade54,APPROVED,Not Applicable,2025-05-30T06:29:26.866000Z,2025-05-30T06:42:12.292000Z,2025-05-31T06:21:36.916000Z,2025-05-30T06:42:12.827648Z,766.0,C17CXQRX,1621,English,English,I only know English,I was raised with my native language only,none just my native langauge,none,United States,English,No,No,24,Female,White,United States,United States,United States,English,No,Full-Time
6839502ffdadc460d042ab16,6834d360dff6bfa3d5c6dca8,APPROVED,Not Applicable,2025-05-30T06:29:03.803000Z,2025-05-30T06:47:03.782000Z,2025-05-31T06:21:37.137000Z,2025-05-30T06:47:04.314685Z,1080.0,C17CXQRX,28,English,English,I only know English,I was raised with my native language only,none just my native langauge,none,United States,English,No,No,18,Male,Black,United States,United States,United States,English,Yes,Part-Time
6839503a350dc521d9c1a6a1,67ef44c4d50545c1c22333d7,APPROVED,Not Applicable,2025-05-30T06:29:22.759000Z,2025-05-30T06:45:39.851000Z,2025-05-31T06:21:37.346000Z,2025-05-30T06:45:40.344595Z,978.0,C17CXQRX,268,English,English,I only know English,I was raised with my native language only,none just my native langauge,none,United States,English,No,No,68,Male,White,United States,United States,United States,English,No,Part-Time
6839503c9a23059b1d9b107c,67a8337cbee0ce717e3fa248,APPROVED,Not Applicable,2025-05-30T06:29:16.962000Z,2025-05-30T06:48:24.956000Z,2025-05-31T06:21:37.560000Z,2025-05-30T06:48:25.428989Z,1148.0,C17CXQRX,568,English,English,I only know English,I was raised with my native language only,none just my native langauge,none,United States,English,No,No,28,Female,White,United States,United States,United States,English,No,Part-Time
6839504fa46a62000b1ee2d4,682e707bc5ff918d44bb2b2b,APPROVED,Not Applicable,2025-05-30T06:29:39.678000Z,2025-05-30T07:09:32.702000Z,2025-05-31T06:21:37.819000Z,2025-05-30T07:09:33.196665Z,2394.0,C17CXQRX,72,English,English,I only know English,I was raised with my native language only,none just my native langauge,none,United States,English,No,No,28,Female,Black,United States,United States,United States,English,No,Full-Time
68395051c43d82518dbc07f7,6834cd9ad6677b5655252262,APPROVED,Not Applicable,2025-05-30T06:30:03.783000Z,2025-05-30T06:49:02.037000Z,2025-05-31T06:21:38.033000Z,2025-05-30T06:49:02.463327Z,1139.0,C17CXQRX,16,English,English,I only know English,I was raised with my native language only,none just my native langauge,none,United States,English,No,No,44,Female,White,United States,United States,United States,English,No,Full-Time
6839505c8dbe30ca452701e0,680e77f1b497bfe3d4df3514,APPROVED,Not Applicable,2025-05-30T06:29:57.598000Z,2025-05-30T06:58:30.225000Z,2025-05-31T06:21:38.258000Z,2025-05-30T06:58:30.668032Z,1713.0,C17CXQRX,443,English,English,I only know English,I was raised with my native language only,none just my native langauge,none,United States,English,No,No,59,Female,Black,United States,United States,United States,English,No,Full-Time
6839505e3d40c8a794baa50a,682a9d1e15375afe67990243,TIMED-OUT,Not Applicable,2025-05-30T06:32:14.465000Z,,,2025-05-30T06:55:27.266574Z,1393.0,,47,English,English,I only know English,I was raised with my native language only,none just my native langauge,none,United States,English,No,No,35,Female,White,United States,United States,United States,English,No,Due to start a new job within the next month
68395086f214e8f7fc1eb034,682e528d1bb4dc5bcdd31011,APPROVED,Not Applicable,2025-05-30T06:31:46.377000Z,2025-05-30T06:48:06.733000Z,2025-05-31T06:21:38.500000Z,2025-05-30T06:48:07.286618Z,981.0,C17CXQRX,110,English,English,I only know English,I was raised with my native language only,none just my native langauge,none,United States,English,No,No,24,Female,White,United States,United States,United States,English,Yes,Full-Time
68395087b9d930fa775ad54d,682a36d569f9d4715cddd093,APPROVED,Not Applicable,2025-05-30T06:30:38.994000Z,2025-05-30T06:59:01.981000Z,2025-05-31T06:21:38.739000Z,2025-05-30T06:59:02.478435Z,1703.0,C17CXQRX,28,English,English,I only know English,I was raised with my native language only,none just my native langauge,none,United States,English,No,No,24,Female,White,United States,United States,United States,English,Yes,Full-Time
6839508a8d8105efe8492825,67dc6c1d63a5acfb90529c43,APPROVED,Not Applicable,2025-05-30T06:30:40.743000Z,2025-05-30T06:42:03.490000Z,2025-05-31T06:21:38.968000Z,2025-05-30T06:42:04.037372Z,683.0,C17CXQRX,634,English,English,I only know English,I was raised with my native language only,none just my native langauge,none,United States,English,No,No,33,Male,Black,United States,United States,United States,English,No,Part-Time
6839508abd39e1ff21ffcf25,59dc458f77860e000151240e,RETURNED,Not Applicable,2025-05-30T06:30:34.875000Z,,,2025-05-30T06:55:27.275508Z,,,12032,CONSENT_REVOKED,CONSENT_REVOKED,CONSENT_REVOKED,CONSENT_REVOKED,CONSENT_REVOKED,CONSENT_REVOKED,CONSENT_REVOKED,CONSENT_REVOKED,CONSENT_REVOKED,CONSENT_REVOKED,CONSENT_REVOKED,CONSENT_REVOKED,CONSENT_REVOKED,CONSENT_REVOKED,CONSENT_REVOKED,CONSENT_REVOKED,CONSENT_REVOKED,CONSENT_REVOKED,CONSENT_REVOKED
6839508dceea1c27a2a430cb,67c5b74f030c4c0f815f717d,APPROVED,Not Applicable,2025-05-30T06:34:55.508000Z,2025-05-30T06:49:06.231000Z,2025-05-31T06:21:39.195000Z,2025-05-30T06:49:06.718596Z,851.0,C17CXQRX,606,English,English,I only know English,I was raised with my native language only,none just my native langauge,none,United States,English,No,No,21,Female,White,United States,United States,United States,English,Yes,Part-Time
68395095e4416431ab6b71b6,68276d12fdee7428e7b3083e,APPROVED,Not Applicable,2025-05-30T06:31:29.918000Z,2025-05-30T06:46:42.290000Z,2025-05-31T06:21:39.412000Z,2025-05-30T06:46:42.794136Z,913.0,C17CXQRX,136,English,English,I only know English,I was raised with my native language only,none just my native langauge,none,United States,English,No,No,21,Female,Black,United States,United States,United States,English,No,Part-Time
683950b4b5b04bef426aad3a,67baececd4ad99d8b15c44f4,APPROVED,Not Applicable,2025-05-30T06:31:20.778000Z,2025-05-30T06:42:34.020000Z,2025-05-31T06:21:39.628000Z,2025-05-30T06:42:34.477241Z,674.0,C17CXQRX,89,English,English,I only know English,I was raised with my native language only,none just my native langauge,none,United States,English,No,No,21,Male,White,United States,United States,United States,English,Yes,Full-Time
6839510881126a5ef6920911,67b866414a65141d7f530eff,APPROVED,Not Applicable,2025-05-30T06:32:45.322000Z,2025-05-30T06:44:32.018000Z,2025-05-31T06:21:39.867000Z,2025-05-30T06:44:32.516895Z,707.0,C17CXQRX,405,English,English,I only know English,I was raised with my native language only,none just my native langauge,"not applicable, none",United States,English,No,No,59,Male,White,United States,United States,United States,English,Yes,Full-Time
6839511386995506e1f8cfe8,65da0c93826bdadcf98372a9,APPROVED,Not Applicable,2025-05-30T06:32:57.520000Z,2025-05-30T06:45:36.702000Z,2025-05-31T06:21:40.088000Z,2025-05-30T06:45:37.197973Z,760.0,C17CXQRX,1970,English,English,I only know English,I was raised with my native language only,none just my native langauge,none,United States,English,No,No,63,Female,White,United States,United States,United States,English,No,Part-Time
68395121489739b3dd2f76e3,6824e8307ca58866aa74a0b6,APPROVED,Not Applicable,2025-05-30T06:33:46.481000Z,2025-05-30T06:51:35.797000Z,2025-05-31T06:21:40.293000Z,2025-05-30T06:51:36.316970Z,1070.0,C17CXQRX,344,English,English,I only know English,I was raised with my native language only,none just my native langauge,none,United States,English,No,No,25,Male,White,United States,United States,United States,English,No,Full-Time
683951439855c178ed505f04,5af36fff59229a0001d1bd6a,APPROVED,Not Applicable,2025-05-30T06:34:00.138000Z,2025-05-30T06:45:27.777000Z,2025-05-31T06:21:40.490000Z,2025-05-30T06:45:28.247272Z,688.0,C17CXQRX,1009,English,English,I only know English,I was raised with my native language only,none just my native langauge,none,United States,English,No,No,35,Female,Mixed,United States,United States,United States,English,No,Full-Time
6839514485fba9c22c77ef33,67dfc7953881052b94892d8b,APPROVED,Not Applicable,2025-05-30T06:33:45.611000Z,2025-05-30T06:46:09.363000Z,2025-05-31T06:21:40.711000Z,2025-05-30T06:46:09.834982Z,744.0,C17CXQRX,503,English,English,I only know English,I was raised with my native language only,none just my native langauge,none,United States,English,No,No,33,Male,White,United States,United States,United States,English,No,Full-Time
6839516f1825379a4843b3b1,682b873bfd01f422295de4fe,APPROVED,Not Applicable,2025-05-30T06:36:27.918000Z,2025-05-30T06:48:59.723000Z,2025-05-31T06:21:40.953000Z,2025-05-30T06:49:00.211355Z,752.0,C17CXQRX,154,English,English,I only know English,I was raised with my native language only,none just my native langauge,none,United States,English,No,No,21,Female,Black,United States,United States,United States,English,No,DATA_EXPIRED
68395175aa61a890e6b9bdef,669041884256730dc2ce4171,APPROVED,Not Applicable,2025-05-30T06:34:50.352000Z,2025-05-30T06:47:46.476000Z,2025-05-31T06:21:41.167000Z,2025-05-30T06:47:46.961757Z,777.0,C17CXQRX,967,English,English,I only know English,I was raised with my native language only,none just my native langauge,none,United States,English,No,No,53,Male,White,United States,United States,United States,English,No,"Not in paid work (e.g. homemaker', 'retired or disabled)"
6839517bce24c5a79e3de3cf,681d390a83ce0cde75d36539,APPROVED,Not Applicable,2025-05-30T06:34:41.788000Z,2025-05-30T06:48:38.507000Z,2025-05-31T06:21:41.410000Z,2025-05-30T06:48:39.060941Z,837.0,C17CXQRX,274,English,English,I only know English,I was raised with my native language only,none just my native langauge,none,United States,English,No,No,42,Male,Black,United States,United States,United States,English,No,Full-Time
6839518e289e3136fe13a7dd,67d7324bdbcbb6e5e7b18b7a,APPROVED,Not Applicable,2025-05-30T06:38:28.784000Z,2025-05-30T06:57:10.242000Z,2025-05-31T06:21:41.639000Z,2025-05-30T06:57:10.780176Z,1122.0,C17CXQRX,945,English,English,I only know English,I was raised with my native language only,none just my native langauge,none,United States,English,No,No,27,Female,White,United States,United States,United States,English,No,Unemployed (and job seeking)
6839518e81126a5ef6920934,657f8d99678be2d216a85c3d,RETURNED,Not Applicable,2025-05-30T06:34:57.349000Z,2025-05-30T06:46:36.107000Z,,2025-05-30T06:55:27.272474Z,,C17CXQRX,2409,CONSENT_REVOKED,CONSENT_REVOKED,CONSENT_REVOKED,CONSENT_REVOKED,CONSENT_REVOKED,CONSENT_REVOKED,CONSENT_REVOKED,CONSENT_REVOKED,CONSENT_REVOKED,CONSENT_REVOKED,CONSENT_REVOKED,CONSENT_REVOKED,CONSENT_REVOKED,CONSENT_REVOKED,CONSENT_REVOKED,CONSENT_REVOKED,CONSENT_REVOKED,CONSENT_REVOKED,CONSENT_REVOKED
6839519d6de53aeaed723036,67d7d3d51a5476f5196bab78,APPROVED,Not Applicable,2025-05-30T06:35:15.700000Z,2025-05-30T06:46:37.923000Z,2025-05-31T06:21:41.866000Z,2025-05-30T06:46:38.389257Z,683.0,C17CXQRX,669,English,English,I only know English,I was raised with my native language only,none just my native langauge,none,United States,English,No,No,27,Male,Black,United States,United States,United States,English,No,Full-Time
683951ad4a3bce56c99d25ca,67d29b370a5be26f13f48e9c,APPROVED,Not Applicable,2025-05-30T06:40:48.148000Z,2025-05-30T07:00:22.115000Z,2025-05-31T06:21:42.120000Z,2025-05-30T07:00:22.555810Z,1174.0,C17CXQRX,653,English,English,I only know English,I was raised with my native language only,none just my native langauge,none,United States,English,No,No,31,Male,White,United States,United States,United States,English,No,Part-Time
683951c59bb72da9732e6268,683149f801c047cb8f003dea,APPROVED,Not Applicable,2025-05-30T06:40:40.217000Z,2025-05-30T06:55:11.509000Z,2025-05-31T06:21:42.355000Z,2025-05-30T06:55:12.111903Z,872.0,C17CXQRX,77,English,English,I only know English,I was raised with my native language only,none just my native langauge,none,United States,English,No,No,33,Female,White,United States,United States,United States,English,No,Part-Time
683951f456c18f27289fdf45,66b3dc1490445aa410abd41e,APPROVED,Not Applicable,2025-05-30T06:37:24.577000Z,2025-05-30T06:49:23.757000Z,2025-05-31T06:21:42.616000Z,2025-05-30T06:49:24.250332Z,720.0,C17CXQRX,1751,English,English,I only know English,I was raised with my native language only,none just my native langauge,none,United States,English,No,No,30,Male,White,United States,United States,United States,English,No,Part-Time
6839520685f4625fffd46acd,67155947b83a6aee15acbc0d,APPROVED,Not Applicable,2025-05-30T06:39:33.624000Z,2025-05-30T07:07:24.171000Z,2025-05-31T06:21:42.843000Z,2025-05-30T07:07:24.669811Z,1671.0,C17CXQRX,1153,English,English,I only know English,I was raised with my native language only,none just my native langauge,none,United States,English,No,No,28,Female,White,United States,United States,United States,English,Yes,Full-Time
6839522fe537caadad50670b,55b645bbfdf99b1c02906873,APPROVED,Not Applicable,2025-05-30T06:37:40.283000Z,2025-05-30T06:48:38.921000Z,2025-05-31T06:21:43.103000Z,2025-05-30T06:48:39.368027Z,659.0,C17CXQRX,3693,English,English,I only know English,I was raised with my native language only,none just my native langauge,none,United States,English,No,No,58,Male,Mixed,United States,United States,United States,English,Yes,"Not in paid work (e.g. homemaker', 'retired or disabled)"
68395257baae4590903dbc86,681e250ccd4e587577d39798,APPROVED,Not Applicable,2025-05-30T06:38:32.565000Z,2025-05-30T07:05:45.891000Z,2025-05-31T06:21:43.332000Z,2025-05-30T07:05:46.368891Z,1634.0,C17CXQRX,369,English,English,I only know English,I was raised with my native language only,none just my native langauge,none,United States,English,No,No,23,Female,Black,United States,United States,United States,English,Yes,Part-Time
68395263c30fc8c8ad60a42d,673c94098ca9d9f0d710726f,APPROVED,Not Applicable,2025-05-30T06:38:39.091000Z,2025-05-30T06:51:51.821000Z,2025-05-31T06:21:43.597000Z,2025-05-30T06:51:52.343295Z,793.0,C17CXQRX,1450,English,English,I only know English,I was raised with my native language only,none just my native langauge,none,United States,English,No,No,32,Male,White,United States,United States,United States,English,DATA_EXPIRED,DATA_EXPIRED
6839527a90258f54eb352103,682debc438669e8db44995db,APPROVED,Not Applicable,2025-05-30T06:38:50.372000Z,2025-05-30T07:01:48.019000Z,2025-05-31T06:21:43.852000Z,2025-05-30T07:01:48.498504Z,1378.0,C17CXQRX,186,English,English,I only know English,I was raised with my native language only,none just my native langauge,none,United States,English,No,No,35,Male,White,United States,United States,United States,English,Yes,Full-Time
6839527e1a05e83ed452f146,68351f228b33e2f958c2de51,APPROVED,Not Applicable,2025-05-30T06:39:02.275000Z,2025-05-30T06:55:50.818000Z,2025-05-31T06:21:44.066000Z,2025-05-30T06:55:51.374952Z,1009.0,C17CXQRX,20,English,English,I only know English,I was raised with my native language only,none just my native langauge,none,United States,English,No,No,28,Male,White,United States,United States,United States,English,No,Part-Time
68395289579884b9e289a4f5,6779a99a0368d6272cc2b174,APPROVED,Not Applicable,2025-05-30T06:39:42.580000Z,2025-05-30T07:01:42.775000Z,2025-05-31T06:21:44.287000Z,2025-05-30T07:01:43.317635Z,1321.0,C17CXQRX,648,English,English,I only know English,I was raised with my native language only,none just my native langauge,none,United States,English,No,No,27,Female,White,United States,United States,United States,English,No,Full-Time
6839529766ef0d6232936d06,67e58fdd13f4a6a894472087,APPROVED,Not Applicable,2025-05-30T06:46:56.338000Z,2025-05-30T07:11:55.888000Z,2025-05-31T06:21:44.550000Z,2025-05-30T07:11:56.386546Z,1500.0,C17CXQRX,754,English,English,I only know English,I was raised with my native language only,none just my native langauge,none,United States,English,No,No,39,Male,White,United States,United States,United States,English,No,Full-Time
683952bf3d1ac3456e0ef0f7,6828fe23969e5bfaed52edd2,APPROVED,Not Applicable,2025-05-30T06:40:12.380000Z,2025-05-30T06:53:47.470000Z,2025-05-31T06:21:44.766000Z,2025-05-30T06:53:47.905368Z,816.0,C17CXQRX,133,English,English,I only know English,I was raised with my native language only,none just my native langauge,none,United States,English,No,No,45,Female,White,United States,United States,United States,English,No,Part-Time
6839533533a34e01b6523e2c,67724f1b74cd45870b70d781,APPROVED,Not Applicable,2025-05-30T06:43:58.950000Z,2025-05-30T06:58:41.875000Z,2025-05-31T06:21:44.979000Z,2025-05-30T06:58:42.372158Z,883.0,C17CXQRX,1727,English,English,I only know English,I was raised with my native language only,none just my native langauge,none,United States,English,No,No,26,Female,White,United States,United States,United States,English,No,Full-Time
68395361987298c65f9630f4,682b2d7830ea456751843e5d,APPROVED,Not Applicable,2025-05-30T06:42:51.758000Z,2025-05-30T07:18:51.984000Z,2025-05-31T06:21:45.198000Z,2025-05-30T07:18:52.481350Z,2161.0,C17CXQRX,26,English,English,I only know English,I was raised with my native language only,none just my native langauge,"none, not applicable",United States,English,No,No,26,Male,White,United States,United States,United States,English,No,Unemployed (and job seeking)
68395365e8e190535befe6ef,66dba72b9aa3059c6579a628,APPROVED,Not Applicable,2025-05-30T06:42:52.038000Z,2025-05-30T07:00:04.111000Z,2025-05-31T06:21:45.416000Z,2025-05-30T07:00:04.580398Z,1033.0,C17CXQRX,1169,English,English,I only know English,I was raised with my native language only,none just my native langauge,none,United States,English,No,No,38,Female,White,United States,United States,United States,English,No,Full-Time
68395369bad91de75876fd09,6742d74e9f7b3b029a3791a6,APPROVED,Not Applicable,2025-05-30T06:42:54.529000Z,2025-05-30T06:54:19.827000Z,2025-05-31T06:21:45.623000Z,2025-05-30T06:54:20.375769Z,686.0,C17CXQRX,1112,English,English,I only know English,I was raised with my native language only,none just my native langauge,none,United States,English,No,No,36,Male,Mixed,United States,United States,United States,English,DATA_EXPIRED,Full-Time
6839537a21612e28c231ee1f,67d046be60d06ac435106f0d,APPROVED,Not Applicable,2025-05-30T06:45:55.675000Z,2025-05-30T07:02:10.884000Z,2025-05-31T06:21:45.847000Z,2025-05-30T07:02:11.426362Z,976.0,C17CXQRX,501,English,English,I only know English,I was raised with my native language only,none just my native langauge,none,United States,English,No,No,27,Male,Black,United States,United States,United States,English,No,Part-Time
683953ac41aaeb62b3a32ac2,673cbbb6e625ce8a7e323089,APPROVED,Not Applicable,2025-05-30T06:46:57.555000Z,2025-05-30T07:15:32.471000Z,2025-05-31T06:21:46.110000Z,2025-05-30T07:15:33.005174Z,1715.0,C17CXQRX,672,English,English,I only know English,I was raised with my native language only,none just my native langauge,none,United States,English,No,No,49,Male,White,United States,United States,United States,English,DATA_EXPIRED,DATA_EXPIRED
6839540fe6f1f670f26cda92,682b2a717ed2e243951bb9e8,APPROVED,Not Applicable,2025-05-30T06:46:33.475000Z,2025-05-30T07:04:58.155000Z,2025-05-31T06:21:46.342000Z,2025-05-30T07:04:58.713184Z,1105.0,C17CXQRX,117,English,English,I only know English,I was raised with my native language only,none just my native langauge,none,United States,English,No,No,27,Female,Black,United States,United States,United States,English,Yes,Part-Time
68395458c7563537d99b2c5a,5b523bdc608e18000184d8a6,APPROVED,Not Applicable,2025-05-30T06:46:55.045000Z,2025-05-30T06:56:57.341000Z,2025-05-31T06:21:46.545000Z,2025-05-30T06:56:57.868410Z,603.0,C17CXQRX,1380,English,English,I only know English,I was raised with my native language only,none just my native langauge,none,United States,English,No,No,26,Male,White,United States,United States,United States,English,No,Part-Time
6839548e0618847a921a82c5,67727321dbba1f283636b298,APPROVED,Not Applicable,2025-05-30T06:48:33.172000Z,2025-05-30T07:01:05.478000Z,2025-05-31T06:21:46.764000Z,2025-05-30T07:01:05.974255Z,753.0,C17CXQRX,1122,English,English,I only know English,I was raised with my native language only,none just my native langauge,none,United States,English,No,No,53,Female,White,United States,United States,United States,English,No,Full-Time
683954cdfd209c7f627c5ea1,67df2438f087a74ea30f779b,RETURNED,Not Applicable,2025-05-30T06:58:45.021000Z,,,2025-05-30T06:55:27.296717Z,,,908,CONSENT_REVOKED,CONSENT_REVOKED,CONSENT_REVOKED,CONSENT_REVOKED,CONSENT_REVOKED,CONSENT_REVOKED,CONSENT_REVOKED,CONSENT_REVOKED,CONSENT_REVOKED,CONSENT_REVOKED,CONSENT_REVOKED,CONSENT_REVOKED,CONSENT_REVOKED,CONSENT_REVOKED,CONSENT_REVOKED,CONSENT_REVOKED,CONSENT_REVOKED,CONSENT_REVOKED,CONSENT_REVOKED
6839550e06544ff6deaf872c,683752d09e2fbc97bb18309d,APPROVED,Not Applicable,2025-05-30T06:49:58.966000Z,2025-05-30T07:06:22.958000Z,2025-05-31T06:21:46.980000Z,2025-05-30T07:06:23.513635Z,984.0,C17CXQRX,6,English,English,I only know English,I was raised with my native language only,none just my native langauge,none,United States,English,No,No,19,Male,Black,United States,United States,United States,English,Yes,Full-Time
6839554c3f20b4eeca6bc57c,67f192e08cf17c568074969d,APPROVED,Not Applicable,2025-05-30T06:51:05.375000Z,2025-05-30T07:04:12.229000Z,2025-05-31T06:21:47.182000Z,2025-05-30T07:04:12.703462Z,787.0,C17CXQRX,392,English,English,I only know English,I was raised with my native language only,none just my native langauge,none,United States,English,No,No,35,Female,White,United States,United States,United States,English,Yes,Full-Time
6839555d4cc4043ae27e3ce9,65e64c08cd1bf3d6ab957af7,APPROVED,Not Applicable,2025-05-30T06:51:09.097000Z,2025-05-30T07:21:41.756000Z,2025-05-31T06:21:47.386000Z,2025-05-30T07:21:42.277982Z,1833.0,C17CXQRX,2151,English,English,I only know English,I was raised with my native language only,none just my native langauge,none,United States,English,No,No,58,Female,White,United States,United States,United States,English,No,"Not in paid work (e.g. homemaker', 'retired or disabled)"
68395634a8c88b3c63660dfa,67c71622fd09b1bc69452143,APPROVED,Not Applicable,2025-05-30T06:54:56.550000Z,2025-05-30T07:06:03.600000Z,2025-05-31T06:21:48.154000Z,2025-05-30T07:06:04.071333Z,668.0,C17CXQRX,858,English,English,I only know English,I was raised with my native language only,none just my native langauge,none,United States,English,No,No,46,Male,White,United States,United States,United States,English,No,Full-Time
683956b665ada68a07ed6317,67c8d564424823af9a9c3293,APPROVED,Not Applicable,2025-05-30T06:57:02.728000Z,2025-05-30T07:14:39.121000Z,2025-05-31T06:21:48.365000Z,2025-05-30T07:14:39.578660Z,1057.0,C17CXQRX,501,English,English,I only know English,I was raised with my native language only,none just my native langauge,none,United States,English,No,No,43,Female,White,United States,United States,United States,English,No,Full-Time
683957d934c410eb59f76bae,67aca7b3335c8f2bb67624c3,APPROVED,Not Applicable,2025-05-30T07:03:59.876000Z,2025-05-30T07:21:27.254000Z,2025-05-31T06:21:48.595000Z,2025-05-30T07:21:27.756033Z,1048.0,C17CXQRX,750,English,English,I only know English,I was raised with my native language only,none just my native langauge,none,United States,English,No,No,45,Female,White,United States,United States,United States,English,No,Full-Time
6839581bc65d67a65d71cf73,67e03c6425fabb9ed20edae5,APPROVED,Not Applicable,2025-05-30T07:10:56.701000Z,2025-05-30T07:36:52.231000Z,2025-05-31T06:21:48.816000Z,2025-05-30T07:36:52.803168Z,1556.0,C17CXQRX,423,English,English,I only know English,I was raised with my native language only,none just my native langauge,none,United States,English,No,No,38,Male,White,United States,United States,United States,English,No,Part-Time
6839581eb58c76ddb5ef14e4,682ded9da752e3a5f53de61b,APPROVED,Not Applicable,2025-05-30T07:03:33.065000Z,2025-05-30T07:16:38.842000Z,2025-05-31T06:21:49.034000Z,2025-05-30T07:16:39.352750Z,786.0,C17CXQRX,106,English,English,I only know English,I was raised with my native language only,none just my native langauge,none,United States,English,No,No,37,Male,Black,United States,United States,United States,English,No,Full-Time
68395851bb9d07e2bff47a10,67ee166102649305ca198bb4,APPROVED,Not Applicable,2025-05-30T07:09:16.661000Z,2025-05-30T07:20:34.280000Z,2025-05-31T06:21:49.246000Z,2025-05-30T07:20:34.803598Z,678.0,C17CXQRX,440,English,English,I only know English,I was raised with my native language only,none just my native langauge,none,United States,English,No,No,37,Female,White,United States,United States,United States,English,No,Full-Time
68395853c18535101f5e24a1,5dd3699ee73e6136c640f1cf,APPROVED,Not Applicable,2025-05-30T07:04:27.345000Z,2025-05-30T07:17:42.969000Z,2025-05-31T06:21:49.470000Z,2025-05-30T07:17:43.398326Z,796.0,C17CXQRX,2436,English,English,I only know English,I was raised with my native language only,none just my native langauge,none,United States,English,No,No,48,Male,White,United States,United States,United States,English,No,Full-Time
6839589dcfb46f5385f04971,68356033df70b34fd795af21,APPROVED,Not Applicable,2025-05-30T07:05:01.762000Z,2025-05-30T07:19:51.399000Z,2025-05-31T06:21:49.682000Z,2025-05-30T07:19:51.863461Z,890.0,C17CXQRX,22,English,English,I only know English,I was raised with my native language only,none just my native langauge,none,United States,English,No,No,65,Female,White,United States,United States,United States,English,No,Full-Time
683958c208cad28abedc2f48,640415971520c41606ca4389,APPROVED,Not Applicable,2025-05-30T07:05:38.924000Z,2025-05-30T07:26:39.410000Z,2025-05-31T06:21:49.897000Z,2025-05-30T07:26:39.905621Z,1261.0,C17CXQRX,2375,English,English,I only know English,I was raised with my native language only,none just my native langauge,none,United States,English,No,No,41,Female,White,United States,United States,United States,English,No,"Not in paid work (e.g. homemaker', 'retired or disabled)"
683959865723b12a3e1f9a52,672b4d8797517e7b262b7d97,APPROVED,Not Applicable,2025-05-30T07:09:11.306000Z,2025-05-30T07:23:50.688000Z,2025-05-31T06:21:50.142000Z,2025-05-30T07:23:51.201611Z,880.0,C17CXQRX,1243,English,English,I only know English,I was raised with my native language only,none just my native langauge,none,United States,English,No,No,33,Female,Black,United States,United States,United States,English,DATA_EXPIRED,DATA_EXPIRED
68395a6c4408cd3390a5cfa6,682c0b34f01b77fa0c9acb16,APPROVED,Not Applicable,2025-05-30T07:12:44.445000Z,2025-05-30T07:25:45.436000Z,2025-05-31T06:21:50.378000Z,2025-05-30T07:25:45.992937Z,781.0,C17CXQRX,110,English,English,I only know English,I was raised with my native language only,none just my native langauge,none,United States,English,No,No,36,Female,Black,United States,United States,United States,English,No,Part-Time
68395b000fa514d133ef50c8,682d184f626f8665eef8abc9,APPROVED,Not Applicable,2025-05-30T07:15:43.562000Z,2025-05-30T07:29:44.405000Z,2025-05-31T06:21:50.620000Z,2025-05-30T07:29:44.890813Z,841.0,C17CXQRX,54,English,English,I only know English,I was raised with my native language only,none just my native langauge,none,United States,English,No,No,25,Male,White,United States,United States,United States,English,No,Part-Time
68395f23289e3136fe13ab27,66f4c82536b5c8271f53564c,APPROVED,Not Applicable,2025-05-30T07:33:01.859000Z,2025-05-30T07:45:27.127000Z,2025-05-31T06:21:50.853000Z,2025-05-30T07:45:27.618711Z,746.0,C17CXQRX,1207,English,English,I only know English,I was raised with my native language only,none just my native langauge,none,United States,English,No,No,30,Female,White,United States,United States,United States,English,No,"Not in paid work (e.g. homemaker', 'retired or disabled)"
683960632fb31df2beec49b1,6828b627a6a5afab39e372b7,APPROVED,Not Applicable,2025-05-30T07:38:10.996000Z,2025-05-30T07:50:03.520000Z,2025-05-31T06:21:51.080000Z,2025-05-30T07:50:04.209584Z,713.0,C17CXQRX,22,English,English,I only know English,I was raised with my native language only,none just my native langauge,none,United States,English,No,No,29,Female,White,United States,United States,United States,English,No,Full-Time
6839606925ef367d21fbad6b,67bd6c87f503d16fdf672aad,APPROVED,Not Applicable,2025-05-30T07:38:27.571000Z,2025-05-30T07:49:54.575000Z,2025-05-31T06:21:51.289000Z,2025-05-30T07:49:55.119140Z,688.0,C17CXQRX,1078,English,English,I only know English,I was raised with my native language only,none just my native langauge,none,United States,English,No,No,29,Male,Black,United States,United States,United States,English,No,Unemployed (and job seeking)
68395010bbad134033aed419,67e23f61d6642c6710f62686,RETURNED,Not Applicable,2025-05-30T06:29:23.592000Z,,,2025-05-30T06:55:27.257000Z,,,853,CONSENT_REVOKED,CONSENT_REVOKED,CONSENT_REVOKED,CONSENT_REVOKED,CONSENT_REVOKED,CONSENT_REVOKED,CONSENT_REVOKED,CONSENT_REVOKED,CONSENT_REVOKED,CONSENT_REVOKED,CONSENT_REVOKED,CONSENT_REVOKED,CONSENT_REVOKED,CONSENT_REVOKED,CONSENT_REVOKED,CONSENT_REVOKED,CONSENT_REVOKED,CONSENT_REVOKED,CONSENT_REVOKED
683954f1615b7b28465a1582,6764cce7a10cc8e279651a57,RETURNED,Not Applicable,2025-05-30T07:00:00.030000Z,,,,,,1136,CONSENT_REVOKED,CONSENT_REVOKED,CONSENT_REVOKED,CONSENT_REVOKED,CONSENT_REVOKED,CONSENT_REVOKED,CONSENT_REVOKED,CONSENT_REVOKED,CONSENT_REVOKED,CONSENT_REVOKED,CONSENT_REVOKED,CONSENT_REVOKED,CONSENT_REVOKED,CONSENT_REVOKED,CONSENT_REVOKED,CONSENT_REVOKED,CONSENT_REVOKED,CONSENT_REVOKED,CONSENT_REVOKED
68395855623496e7b6bbfa3b,68245db1d56753fae1ea7660,RETURNED,Not Applicable,2025-05-30T07:13:49.925000Z,,,,,,245,CONSENT_REVOKED,CONSENT_REVOKED,CONSENT_REVOKED,CONSENT_REVOKED,CONSENT_REVOKED,CONSENT_REVOKED,CONSENT_REVOKED,CONSENT_REVOKED,CONSENT_REVOKED,CONSENT_REVOKED,CONSENT_REVOKED,CONSENT_REVOKED,CONSENT_REVOKED,CONSENT_REVOKED,CONSENT_REVOKED,CONSENT_REVOKED,CONSENT_REVOKED,CONSENT_REVOKED,CONSENT_REVOKED
